[
  {
    "created_by": "mosaic.ai",
    "created_on": "2020-07-02T17:23:59+00:00",
    "deploymentstatus": true,
    "description": "test",
    "flavour": "application",
    "id": "cypress-44de-44c7-a157-3c3f314957d2",
    "last_modified_by": "mosaic.ai",
    "last_modified_on": "2020-07-02T17:23:59+00:00",
    "name": "Cypress test",
    "project_id": "cypress-6eb5-4152-a387-ad2e0d7cd22a",
    "type": "app"
  },
  {
    "created_by": "naruto.ai",
    "created_on": "2020-07-02T17:09:30+00:00",
    "deploymentstatus": false,
    "description": "test",
    "flavour": "application",
    "id": "easports-014e-43bd-a3ed-165fc838101c",
    "last_modified_by": "mosaic.ai",
    "last_modified_on": "2020-07-02T17:09:30+00:00",
    "name": "MyReactApp",
    "project_id": "reactea-6eb5-4152-a387-ad2e0d7cd22a",
    "type": "app"
  },
  {
    "created_by": "viraj.ai",
    "created_on": "2020-07-02T17:23:59+00:00",
    "deploymentstatus": true,
    "description": "test",
    "flavour": "application",
    "id": "viraj-44de-44c7-a157-3c3f314957d2",
    "last_modified_by": "viraj.ai",
    "last_modified_on": "2020-07-02T17:23:59+00:00",
    "name": "Ios",
    "project_id": "viraj-6eb5-4152-a387-ad2e0d7cd22a",
    "type": "app"
  },
  {
    "created_by": "shivam.ai",
    "created_on": "2020-07-02T17:09:30+00:00",
    "deploymentstatus": false,
    "description": "test",
    "flavour": "application",
    "id": "say-014e-43bd-a3ed-165fc838101c",
    "last_modified_by": "mosaic.ai",
    "last_modified_on": "2020-07-02T17:09:30+00:00",
    "name": "Android",
    "project_id": "your-6eb5-4152-a387-ad2e0d7cd22a",
    "type": "app"
  },
  {
    "created_by": "aman.ai",
    "created_on": "2020-07-02T17:23:59+00:00",
    "deploymentstatus": false,
    "description": "test",
    "flavour": "application",
    "id": "7654-44de-44c7-a157-3c3f314957d2",
    "last_modified_by": "mosaic.ai",
    "last_modified_on": "2020-07-02T17:23:59+00:00",
    "name": "Spring developer",
    "project_id": "sam-6eb5-4152-a387-ad2e0d7cd22a",
    "type": "app"
  },
  {
    "created_by": "clive",
    "created_on": "2020-07-02T17:09:30+00:00",
    "deploymentstatus": false,
    "description": "test",
    "flavour": "application",
    "id": "123-014e-43bd-a3ed-165fc838101c",
    "last_modified_by": "mosaic.ai",
    "last_modified_on": "2020-07-02T17:09:30+00:00",
    "name": "VueApp",
    "project_id": "aa46cdbf-6eb5-4152-a387-asdghryop",
    "type": "app"
  },
  {
    "created_by": "mosaic.ai",
    "created_on": "2020-07-02T17:23:59+00:00",
    "deploymentstatus": false,
    "description": "test",
    "flavour": "application",
    "id": "33d898ae-1234-44c7-a157-3c3f314957d2",
    "last_modified_by": "mosaic.ai",
    "last_modified_on": "2020-07-02T17:23:59+00:00",
    "name": "AngularApp",
    "project_id": "aa46cdbf-6eb5-4152-1234-ad2e0d7cd22a",
    "type": "app"
  },
  {
    "created_by": "sam.david",
    "created_on": "2020-07-02T17:09:30+00:00",
    "deploymentstatus": false,
    "description": "test",
    "flavour": "application",
    "id": "fad11234-014e-43bd-a3ed-165fc838101c",
    "last_modified_by": "mosaic.ai",
    "last_modified_on": "2020-07-02T17:09:30+00:00",
    "name": "FlaskApp",
    "project_id": "aa46cdbf-6eb5-4152-a387-1234567cd22a",
    "type": "app"
  }
]
