[
  {
    "created_by": "devesh.surve@lntinfotech.com",
    "created_on": "2020-08-13T10:14:04+00:00",
    "deploymentstatus": false,
    "description": "iris_classfication_2",
    "flavour": "sklearn",
    "id": "0136b17d-35c6-4a48-9b4e-d6fc2d99aa84",
    "last_modified_by": "devesh.surve@lntinfotech.com",
    "last_modified_on": "2020-08-13T10:14:04+00:00",
    "name": "iris_classfication_2",
    "project_id": "9ab74a80-dfc3-42a8-8e48-338f0dde4e4c",
    "type": "model"
  },
  {
    "created_by": "devesh.surve@lntinfotech.com",
    "created_on": "2020-08-07T08:41:31+00:00",
    "deploymentstatus": false,
    "description": "credit_risk_analysis",
    "flavour": "sklearn",
    "id": "0b23f5b0-89ac-4f95-b028-dac7fe8b1d04",
    "last_modified_by": "devesh.surve@lntinfotech.com",
    "last_modified_on": "2020-08-07T08:41:31+00:00",
    "name": "credit_risk_analysis",
    "project_id": "9ab74a80-dfc3-42a8-8e48-338f0dde4e4c",
    "type": "model"
  },
  {
    "created_by": "devesh.surve@lntinfotech.com",
    "created_on": "2020-08-14T08:30:55+00:00",
    "deploymentstatus": false,
    "description": "boston_regression_3",
    "flavour": "sklearn",
    "id": "102f016a-15a5-4558-ad5f-4ce8633a3b37",
    "last_modified_by": "devesh.surve@lntinfotech.com",
    "last_modified_on": "2020-08-14T08:30:55+00:00",
    "name": "boston_regression_3",
    "project_id": "9ab74a80-dfc3-42a8-8e48-338f0dde4e4c",
    "type": "model"
  },
  {
    "created_by": "devesh.surve@lntinfotech.com",
    "created_on": "2020-08-05T06:41:43+00:00",
    "deploymentstatus": false,
    "description": "wine_quality_regression_notebook",
    "flavour": "sklearn",
    "id": "288dce97-4494-4233-b004-368bc54b2013",
    "last_modified_by": "devesh.surve@lntinfotech.com",
    "last_modified_on": "2020-08-05T06:41:43+00:00",
    "name": "wine_quality_regression_notebook",
    "project_id": "9ab74a80-dfc3-42a8-8e48-338f0dde4e4c",
    "type": "model"
  },
  {
    "created_by": "devesh.surve@lntinfotech.com",
    "created_on": "2020-09-22T10:09:56+00:00",
    "deploymentstatus": true,
    "description": "test",
    "flavour": "sklearn",
    "id": "2a122d49-d921-4439-95b8-b020a8523a44",
    "last_modified_by": "devesh.surve@lntinfotech.com",
    "last_modified_on": "2020-09-22T10:09:56+00:00",
    "name": "model6",
    "project_id": "9ab74a80-dfc3-42a8-8e48-338f0dde4e4c",
    "type": "model"
  },
  {
    "created_by": "devesh.surve@lntinfotech.com",
    "created_on": "2020-09-18T11:35:19+00:00",
    "deploymentstatus": true,
    "description": "test",
    "flavour": "sklearn",
    "id": "314d005e-d88d-4a13-b0ef-edb29702ad3d",
    "last_modified_by": "devesh.surve@lntinfotech.com",
    "last_modified_on": "2020-09-18T11:35:19+00:00",
    "name": "model4",
    "project_id": "9ab74a80-dfc3-42a8-8e48-338f0dde4e4c",
    "type": "model"
  },
  {
    "created_by": "devesh.surve@lntinfotech.com",
    "created_on": "2020-08-10T16:29:49+00:00",
    "deploymentstatus": false,
    "description": "breast_cancer_classification_2",
    "flavour": "sklearn",
    "id": "54b72d6d-d616-4f10-9752-0867f001629b",
    "last_modified_by": "devesh.surve@lntinfotech.com",
    "last_modified_on": "2020-08-10T16:29:49+00:00",
    "name": "breast_cancer_classification_2",
    "project_id": "9ab74a80-dfc3-42a8-8e48-338f0dde4e4c",
    "type": "model"
  },
  {
    "created_by": "devesh.surve@lntinfotech.com",
    "created_on": "2020-08-14T09:16:54+00:00",
    "deploymentstatus": false,
    "description": "iris_classfication_2",
    "flavour": "sklearn",
    "id": "5607d31c-d212-4d7c-a877-2da143efc731",
    "last_modified_by": "devesh.surve@lntinfotech.com",
    "last_modified_on": "2020-08-14T09:16:54+00:00",
    "name": "iris_classfication_label_test",
    "project_id": "9ab74a80-dfc3-42a8-8e48-338f0dde4e4c",
    "type": "model"
  },
  {
    "created_by": "devesh.surve@lntinfotech.com",
    "created_on": "2020-09-21T06:40:18+00:00",
    "deploymentstatus": false,
    "description": "iris_classfication_tree_test",
    "flavour": "sklearn",
    "id": "5688cff7-c85a-4155-b2d3-66e889c2763f",
    "last_modified_by": "devesh.surve@lntinfotech.com",
    "last_modified_on": "2020-09-21T06:40:18+00:00",
    "name": "iris_classfication_tree_test",
    "project_id": "9ab74a80-dfc3-42a8-8e48-338f0dde4e4c",
    "type": "model"
  },
  {
    "created_by": "devesh.surve@lntinfotech.com",
    "created_on": "2020-09-18T12:06:07+00:00",
    "deploymentstatus": false,
    "description": "test",
    "flavour": "sklearn",
    "id": "624df6be-06aa-4f6d-b013-78d77ca4ef17",
    "last_modified_by": "devesh.surve@lntinfotech.com",
    "last_modified_on": "2020-09-18T12:06:07+00:00",
    "name": "model5",
    "project_id": "9ab74a80-dfc3-42a8-8e48-338f0dde4e4c",
    "type": "model"
  },
  {
    "created_by": "devesh.surve@lntinfotech.com",
    "created_on": "2020-08-10T16:27:44+00:00",
    "deploymentstatus": false,
    "description": "iris_classfication_12",
    "flavour": "sklearn",
    "id": "68a26144-17e8-4cc0-b347-34c293289b1b",
    "last_modified_by": "devesh.surve@lntinfotech.com",
    "last_modified_on": "2020-08-10T16:27:44+00:00",
    "name": "iris_classfication_12",
    "project_id": "9ab74a80-dfc3-42a8-8e48-338f0dde4e4c",
    "type": "model"
  },
  {
    "created_by": "devesh.surve@lntinfotech.com",
    "created_on": "2020-09-18T10:15:49+00:00",
    "deploymentstatus": false,
    "description": "test",
    "flavour": "sklearn",
    "id": "984cfdec-420c-4ddc-a7f1-eafa0fd4fcc6",
    "last_modified_by": "devesh.surve@lntinfotech.com",
    "last_modified_on": "2020-09-18T10:15:49+00:00",
    "name": "model3",
    "project_id": "9ab74a80-dfc3-42a8-8e48-338f0dde4e4c",
    "type": "model"
  },
  {
    "created_by": "devesh.surve@lntinfotech.com",
    "created_on": "2020-09-17T18:33:57+00:00",
    "deploymentstatus": false,
    "description": "model",
    "flavour": "sklearn",
    "id": "9bbb91e6-670f-4f59-8aa9-505dc4ac7f12",
    "last_modified_by": "devesh.surve@lntinfotech.com",
    "last_modified_on": "2020-09-17T18:33:57+00:00",
    "name": "model1",
    "project_id": "9ab74a80-dfc3-42a8-8e48-338f0dde4e4c",
    "type": "model"
  },
  {
    "created_by": "devesh.surve@lntinfotech.com",
    "created_on": "2020-08-06T10:13:00+00:00",
    "deploymentstatus": false,
    "description": "iris_classfication_1",
    "flavour": "sklearn",
    "id": "a2af3e16-6e51-4386-b1b7-3a240bcc3bc6",
    "last_modified_by": "devesh.surve@lntinfotech.com",
    "last_modified_on": "2020-08-06T10:13:00+00:00",
    "name": "iris_classfication_1",
    "project_id": "9ab74a80-dfc3-42a8-8e48-338f0dde4e4c",
    "type": "model"
  },
  {
    "created_by": "devesh.surve@lntinfotech.com",
    "created_on": "2020-08-14T09:34:15+00:00",
    "deploymentstatus": true,
    "description": "iris_classfication_2",
    "flavour": "sklearn",
    "id": "b05dc25b-021a-4b9e-8209-0e8209c573ee",
    "last_modified_by": "devesh.surve@lntinfotech.com",
    "last_modified_on": "2020-08-14T09:34:15+00:00",
    "name": "iris_classfication_label_test1",
    "project_id": "9ab74a80-dfc3-42a8-8e48-338f0dde4e4c",
    "type": "model"
  },
  {
    "created_by": "devesh.surve@lntinfotech.com",
    "created_on": "2020-09-18T09:22:33+00:00",
    "deploymentstatus": true,
    "description": "test",
    "flavour": "sklearn",
    "id": "c0e2e60a-2e09-4c13-8ac5-66cd3e5a1d24",
    "last_modified_by": "devesh.surve@lntinfotech.com",
    "last_modified_on": "2020-09-18T09:22:33+00:00",
    "name": "model2",
    "project_id": "9ab74a80-dfc3-42a8-8e48-338f0dde4e4c",
    "type": "model"
  },
  {
    "created_by": "devesh.surve@lntinfotech.com",
    "created_on": "2020-08-05T11:15:39+00:00",
    "deploymentstatus": true,
    "description": "wine_quality_regression_notebook1",
    "flavour": "sklearn",
    "id": "c267c44b-14ba-45cb-b1d3-f030c1511ae3",
    "last_modified_by": "devesh.surve@lntinfotech.com",
    "last_modified_on": "2020-08-05T11:15:39+00:00",
    "name": "wine_quality_regression_notebook1",
    "project_id": "9ab74a80-dfc3-42a8-8e48-338f0dde4e4c",
    "type": "model"
  },
  {
    "created_by": "devesh.surve@lntinfotech.com",
    "created_on": "2020-09-23T06:43:52+00:00",
    "deploymentstatus": true,
    "description": "test",
    "flavour": "sklearn",
    "id": "d380d3e1-df17-4680-b7b7-7ec85a8cb73e",
    "last_modified_by": "devesh.surve@lntinfotech.com",
    "last_modified_on": "2020-09-23T06:43:52+00:00",
    "name": "model7",
    "project_id": "9ab74a80-dfc3-42a8-8e48-338f0dde4e4c",
    "type": "model"
  },
  {
    "created_by": "devesh.surve@lntinfotech.com",
    "created_on": "2020-09-22T09:57:29+00:00",
    "deploymentstatus": false,
    "description": "iris_classfication_tree_test2",
    "flavour": "sklearn",
    "id": "e0a6b1e7-6ac7-4de4-adab-63343ce9ef05",
    "last_modified_by": "devesh.surve@lntinfotech.com",
    "last_modified_on": "2020-09-22T09:57:29+00:00",
    "name": "iris_classfication_tree_test2",
    "project_id": "9ab74a80-dfc3-42a8-8e48-338f0dde4e4c",
    "type": "model"
  },
  {
    "created_by": "devesh.surve@lntinfotech.com",
    "created_on": "2020-09-23T09:45:18+00:00",
    "deploymentstatus": false,
    "description": "test",
    "flavour": "sklearn",
    "id": "e500a7d1-0689-43f9-930c-2ed46fdc31f4",
    "last_modified_by": "devesh.surve@lntinfotech.com",
    "last_modified_on": "2020-09-23T09:45:18+00:00",
    "name": "model8",
    "project_id": "9ab74a80-dfc3-42a8-8e48-338f0dde4e4c",
    "type": "model"
  }
]
